<?xml version="1.0" encoding="UTF-8"?>
<!DOCTYPE suite SYSTEM "https://testng.org/testng-1.0.dtd">
<suite name="Suite">
  <test thread-count="5" name="Test">
    <classes>
     <class name="com.tcs.tests.PHPTravelsTestCases_Admin">
      <methods>
      <include name="verifyLoginPageLaunch"/>
      <include name="verifyLoginWithInvalidEmailAndInvalidPassword"/>
      <include name="verifyLoginBlankEmail"/>
      <include name="verifyBlankEmailandPassword"/>
      <include name="verifyLoginBlankPassword"/>
      <include name="verifyLoginWithValidEmailAndInValidPassword"/>
      <include name="verifyLoginWithInValidEmailAndValidPassword"/>
      <include name="verifyRememberMeCheckbox"/>
      <include name="verifyLoginWithValidEmailAndValidPassword"/>
      <include name="verifyBookings"/>
       <include name="verifyBookingsPaymentSuccessfullInvoice"/>
      <include name="verifyBookingStatusUpdate"/>
      <include name="verifyDeleteCancelledRecord"/>
      <include name="verifyWebsiteLink"/>
      </methods>
      </class>
     <!-- <class name="com.tcs.tests.PHPTravelsTestCases_Supplier"/>
      <class name="com.tcs.tests.PHPTravelsTestCases_Agent"/>
      <class name="com.tcs.base.BaseSetup"/>
      <class name="com.tcs.tests.PHPTravelsTestCases_User"/> -->
    </classes>
  </test> <!-- Test -->
</suite> <!-- Suite -->
